{
  "brier_score": 0.08714221797933565,
  "fraction_of_positives": [
    0.05080579076754985,
    0.13699847638395124,
    0.23756192117165625,
    0.3346938775510204,
    0.42177777777777775,
    0.5549561699258261,
    0.6579949238578681,
    0.7546259050683829,
    0.8436371361801572,
    0.9838667366211962
  ],
  "mean_predicted_value": [
    0.05388221345370462,
    0.13164665890133825,
    0.24281519559522055,
    0.32578495908202254,
    0.4554365337368657,
    0.5564733721576391,
    0.6563011067053656,
    0.7523256649617696,
    0.8533851012878516,
    0.98449471640896
  ]
}