{
  "2005-2010": {
    "Logistic Regression": {
      "auc": 0.9182348381628838,
      "pr_auc": 0.9334546202340434,
      "f1": 0.8579967753352472,
      "mcc": 0.7409757781436919,
      "n_train": 47490,
      "n_test": 54422
    },
    "Random Forest": {
      "auc": 0.9361900574321957,
      "pr_auc": 0.9375729435242663,
      "f1": 0.8696242477616322,
      "mcc": 0.7388589646992162,
      "n_train": 47490,
      "n_test": 54422
    },
    "Gradient Boosting": {
      "auc": 0.9398140274498227,
      "pr_auc": 0.9461266962969134,
      "f1": 0.8706071454665011,
      "mcc": 0.7397171945661566,
      "n_train": 47490,
      "n_test": 54422
    }
  },
  "2010-2015": {
    "Logistic Regression": {
      "auc": 0.936303575613647,
      "pr_auc": 0.9440687056384713,
      "f1": 0.8700363069553482,
      "mcc": 0.7596955242284706,
      "n_train": 101912,
      "n_test": 111534
    },
    "Random Forest": {
      "auc": 0.9457221895557071,
      "pr_auc": 0.9448194467128769,
      "f1": 0.8824575214272447,
      "mcc": 0.7619891646796988,
      "n_train": 101912,
      "n_test": 111534
    },
    "Gradient Boosting": {
      "auc": 0.9497951840536727,
      "pr_auc": 0.9552192478688951,
      "f1": 0.8847042984561696,
      "mcc": 0.7668128004855767,
      "n_train": 101912,
      "n_test": 111534
    }
  },
  "2015-2020": {
    "Logistic Regression": {
      "auc": 0.9455581387773135,
      "pr_auc": 0.9512296961292843,
      "f1": 0.8680172730613744,
      "mcc": 0.7628000922874673,
      "n_train": 213446,
      "n_test": 140682
    },
    "Random Forest": {
      "auc": 0.9527140006272143,
      "pr_auc": 0.9519778599037384,
      "f1": 0.8932493300241121,
      "mcc": 0.7854176876297346,
      "n_train": 213446,
      "n_test": 140682
    },
    "Gradient Boosting": {
      "auc": 0.9564523824535074,
      "pr_auc": 0.9610182535865405,
      "f1": 0.8946072725990195,
      "mcc": 0.7876852397716556,
      "n_train": 213446,
      "n_test": 140682
    }
  },
  "2018-2024": {
    "Logistic Regression": {
      "auc": 0.9441528542681756,
      "pr_auc": 0.9488824266904322,
      "f1": 0.8557041008790139,
      "mcc": 0.7467096505072903,
      "n_train": 294474,
      "n_test": 184224
    },
    "Random Forest": {
      "auc": 0.9492060257420983,
      "pr_auc": 0.9490557524456451,
      "f1": 0.8858003293179652,
      "mcc": 0.7711120127674447,
      "n_train": 294474,
      "n_test": 184224
    },
    "Gradient Boosting": {
      "auc": 0.9523985699294935,
      "pr_auc": 0.9571662843413308,
      "f1": 0.8870724074673573,
      "mcc": 0.7728333438862,
      "n_train": 294474,
      "n_test": 184224
    }
  }
}