{
  "Logistic Regression": {
    "roc_auc": {
      "mean": 0.9872289324925794,
      "std": 0.00021920544891465893
    },
    "f1": {
      "mean": 0.9478479618374944,
      "std": 0.00035714636734611276
    },
    "accuracy": {
      "mean": 0.9494879943084005,
      "std": 0.0003849227190422204
    },
    "precision": {
      "mean": 0.9574255068039704,
      "std": 0.0013044300979475764
    },
    "recall": {
      "mean": 0.9384622460095304,
      "std": 0.0007899640759634688
    },
    "log_loss": {
      "mean": 0.14557953466123505,
      "std": 0.0019475243970687114
    },
    "mcc": {
      "mean": 0.8990564155160511,
      "std": 0.0007931412865044288
    }
  },
  "Linear SVM": {
    "roc_auc": {
      "mean": 0.9862742650638427,
      "std": 0.0002843134046896105
    },
    "f1": {
      "mean": 0.9450750193453601,
      "std": 0.000515072929587564
    },
    "accuracy": {
      "mean": 0.9468170991740393,
      "std": 0.0005156652468481513
    },
    "precision": {
      "mean": 0.9548943861697861,
      "std": 0.0013727476010870717
    },
    "recall": {
      "mean": 0.9354582661039401,
      "std": 0.0011346096998947487
    },
    "log_loss": {
      "mean": 0.1482253799266257,
      "std": 0.001945109714332609
    },
    "mcc": {
      "mean": 0.8937175334353947,
      "std": 0.0010442902474583884
    }
  },
  "Random Forest": {
    "roc_auc": {
      "mean": 0.9971849837357902,
      "std": 7.381387778623947e-05
    },
    "f1": {
      "mean": 0.9792691896107684,
      "std": 0.00017045057747899664
    },
    "accuracy": {
      "mean": 0.9795871655300393,
      "std": 0.00016921483122560776
    },
    "precision": {
      "mean": 0.972919476797831,
      "std": 0.0005537453593821672
    },
    "recall": {
      "mean": 0.9857028826360997,
      "std": 0.0005347385401192179
    },
    "log_loss": {
      "mean": 0.07897922744611593,
      "std": 0.0018864527828406088
    },
    "mcc": {
      "mean": 0.9592462144048634,
      "std": 0.00033640612928899176
    }
  },
  "Gradient Boosting": {
    "roc_auc": {
      "mean": 0.997913852676459,
      "std": 5.951395707430657e-05
    },
    "f1": {
      "mean": 0.9809670494385372,
      "std": 0.00036957984855109975
    },
    "accuracy": {
      "mean": 0.981271034514274,
      "std": 0.0003644131856993262
    },
    "precision": {
      "mean": 0.9752257749899247,
      "std": 0.0005550516249693712
    },
    "recall": {
      "mean": 0.9867766280338686,
      "std": 0.0005092302622261534
    },
    "log_loss": {
      "mean": 0.05107435298319955,
      "std": 0.001184178587868413
    },
    "mcc": {
      "mean": 0.9625987060472448,
      "std": 0.0007277680689687056
    }
  }
}