{
  "2005-2010": {
    "Logistic Regression": {
      "auc": 0.8606858903406269,
      "pr_auc": 0.879393085121642,
      "f1": 0.7621348198616703,
      "mcc": 0.5981017234969948,
      "n_train": 29073,
      "n_test": 55056
    },
    "Random Forest": {
      "auc": 0.875011814511636,
      "pr_auc": 0.8776890016604941,
      "f1": 0.7893390666122994,
      "mcc": 0.5874368859888958,
      "n_train": 29073,
      "n_test": 55056
    },
    "Gradient Boosting": {
      "auc": 0.8792535064255813,
      "pr_auc": 0.8888640559716705,
      "f1": 0.7930790960451978,
      "mcc": 0.5959851595546775,
      "n_train": 29073,
      "n_test": 55056
    }
  },
  "2010-2015": {
    "Logistic Regression": {
      "auc": 0.8712966151068041,
      "pr_auc": 0.8884507944603102,
      "f1": 0.7641608957687045,
      "mcc": 0.6122734341794527,
      "n_train": 84129,
      "n_test": 110532
    },
    "Random Forest": {
      "auc": 0.8825818487585108,
      "pr_auc": 0.8860198443099843,
      "f1": 0.7993351718246562,
      "mcc": 0.6094962457984294,
      "n_train": 84129,
      "n_test": 110532
    },
    "Gradient Boosting": {
      "auc": 0.8880922647005144,
      "pr_auc": 0.8991908804797029,
      "f1": 0.8027517429244194,
      "mcc": 0.6137810317908521,
      "n_train": 84129,
      "n_test": 110532
    }
  },
  "2015-2020": {
    "Logistic Regression": {
      "auc": 0.8658233689775391,
      "pr_auc": 0.8853278997566622,
      "f1": 0.7435676937851902,
      "mcc": 0.5996827043725697,
      "n_train": 194661,
      "n_test": 189710
    },
    "Random Forest": {
      "auc": 0.8849567577259668,
      "pr_auc": 0.8906959276430336,
      "f1": 0.7959441915498513,
      "mcc": 0.6087360720641278,
      "n_train": 194661,
      "n_test": 189710
    },
    "Gradient Boosting": {
      "auc": 0.8902374432421983,
      "pr_auc": 0.9013771584964309,
      "f1": 0.8011236076917237,
      "mcc": 0.614119993718555,
      "n_train": 194661,
      "n_test": 189710
    }
  },
  "2018-2024": {
    "Logistic Regression": {
      "auc": 0.8515724991851685,
      "pr_auc": 0.8736957912749583,
      "f1": 0.70707723681536,
      "mcc": 0.5665967009736265,
      "n_train": 292871,
      "n_test": 369223
    },
    "Random Forest": {
      "auc": 0.8793995791706372,
      "pr_auc": 0.8847113967509062,
      "f1": 0.7853213757034323,
      "mcc": 0.6010051093485714,
      "n_train": 292871,
      "n_test": 369223
    },
    "Gradient Boosting": {
      "auc": 0.8836531768935232,
      "pr_auc": 0.8943138603724086,
      "f1": 0.7906104626273581,
      "mcc": 0.6061757694231535,
      "n_train": 292871,
      "n_test": 369223
    }
  }
}