{
  "brier_score": 0.1346141048977876,
  "fraction_of_positives": [
    0.042630107086829,
    0.1469091641896317,
    0.24886116756605228,
    0.3623959540617427,
    0.4580016246953696,
    0.5540353786622443,
    0.6663883089770355,
    0.7483634041194316,
    0.8483393876491956,
    0.9762545249244462
  ],
  "mean_predicted_value": [
    0.043645294243739516,
    0.14772110679120767,
    0.25319382195894014,
    0.36171907405004317,
    0.45718699804906365,
    0.5606928049394186,
    0.66112809622969,
    0.7541908738370543,
    0.8504730124612304,
    0.974614595757888
  ]
}