{
  "Logistic Regression": {
    "f1": {
      "mean": 0.9522069349586463,
      "std": 0.0004040098076167232
    },
    "recall": {
      "mean": 0.95394,
      "std": 0.000588693468623542
    },
    "precision": {
      "mean": 0.9504803433383954,
      "std": 0.0004002598434675072
    },
    "accuracy": {
      "mean": 0.9521200000000001,
      "std": 0.0003992993864257534
    },
    "roc_auc": {
      "mean": 0.9896704059999999,
      "std": 0.00020202604781521637
    },
    "log_loss": {
      "mean": 0.12731918794663155,
      "std": 0.0012513488225993467
    },
    "mcc": {
      "mean": 0.9042461712915358,
      "std": 0.0007992221108951327
    }
  },
  "Linear SVM": {
    "f1": {
      "mean": 0.9522155009040866,
      "std": 0.00035869659009817023
    },
    "recall": {
      "mean": 0.9539599999999998,
      "std": 0.0005305091893643338
    },
    "precision": {
      "mean": 0.950477527142025,
      "std": 0.0003555169198009646
    },
    "accuracy": {
      "mean": 0.9521280000000001,
      "std": 0.0003542541460590277
    },
    "roc_auc": {
      "mean": 0.9896709628,
      "std": 0.000202685566792075
    },
    "log_loss": {
      "mean": 0.1273246972060634,
      "std": 0.0012550065570140563
    },
    "mcc": {
      "mean": 0.9042622207465367,
      "std": 0.0007091290986355811
    }
  },
  "k-NN (k=5)": {
    "f1": {
      "mean": 0.9484605934335137,
      "std": 0.000531092971948237
    },
    "recall": {
      "mean": 0.951084,
      "std": 0.0007479465221524906
    },
    "precision": {
      "mean": 0.9458523321731093,
      "std": 0.0008264924138151215
    },
    "accuracy": {
      "mean": 0.9483179999999999,
      "std": 0.0005367830101633106
    },
    "roc_auc": {
      "mean": 0.97731463208,
      "std": 0.0005090475151925079
    },
    "log_loss": {
      "mean": 0.6593102905747887,
      "std": 0.01571161439680109
    },
    "mcc": {
      "mean": 0.8966504035803655,
      "std": 0.0010724649363697666
    }
  },
  "Random Forest": {
    "f1": {
      "mean": 0.9503183975100307,
      "std": 0.0006439701364295349
    },
    "recall": {
      "mean": 0.953312,
      "std": 0.0009603832568303201
    },
    "precision": {
      "mean": 0.947344188784778,
      "std": 0.000730348286176654
    },
    "accuracy": {
      "mean": 0.9501620000000001,
      "std": 0.0006388552261662853
    },
    "roc_auc": {
      "mean": 0.9873222628,
      "std": 0.00033475474045449783
    },
    "log_loss": {
      "mean": 0.20673145241644036,
      "std": 0.004171644705834138
    },
    "mcc": {
      "mean": 0.9003424984320813,
      "std": 0.0012790582378310223
    }
  },
  "Gradient Boosting": {
    "f1": {
      "mean": 0.9541916423774213,
      "std": 0.0005817103462344063
    },
    "recall": {
      "mean": 0.9572680000000002,
      "std": 0.0007562645039931406
    },
    "precision": {
      "mean": 0.9511352981411102,
      "std": 0.0006308646311863472
    },
    "accuracy": {
      "mean": 0.954044,
      "std": 0.0005803309400678076
    },
    "roc_auc": {
      "mean": 0.99041821196,
      "std": 0.00022436655237779676
    },
    "log_loss": {
      "mean": 0.12303812516139763,
      "std": 0.0014516717018362973
    },
    "mcc": {
      "mean": 0.9081071738130084,
      "std": 0.001161276066594593
    }
  },
  "Neural Network": {
    "f1": {
      "mean": 0.9540109267667486,
      "std": 0.0006106127862866294
    },
    "recall": {
      "mean": 0.9562160000000001,
      "std": 0.0031619588865132377
    },
    "precision": {
      "mean": 0.9518307370152879,
      "std": 0.0022132020280816343
    },
    "accuracy": {
      "mean": 0.9539059999999999,
      "std": 0.0005190992198029273
    },
    "roc_auc": {
      "mean": 0.9906091756000001,
      "std": 0.00017808362219015028
    },
    "log_loss": {
      "mean": 0.12170299738384187,
      "std": 0.0011825529827509192
    },
    "mcc": {
      "mean": 0.9078359178099351,
      "std": 0.0010487963050075625
    }
  }
}