{
  "prestige_cited": 0.1368586468482797,
  "prestige_citing": 0.012681854076828234,
  "temporal_distance": 0.0174527073043567,
  "coauth_distance": 0.021740337407434508,
  "semantic_similarity": 0.30517953820930516,
  "same_journal": 0.01409988627474776,
  "cited_oa": 0.0
}