{
  "All features": {
    "mean": 0.9867852748400001,
    "std": 0.0003285907748402455
  },
  "No semantic similarity": {
    "mean": 0.8709440049999999,
    "std": 0.0010102016098431938
  },
  "No co-authorship distance": {
    "mean": 0.9859425656,
    "std": 0.0004341903168720229
  },
  "No prestige": {
    "mean": 0.9617771023600001,
    "std": 0.0005037152669083402
  },
  "Semantic similarity only": {
    "mean": 0.9513164483200001,
    "std": 0.0004860691970682294
  },
  "Network features only": {
    "mean": 0.8512354312400001,
    "std": 0.000957290026200358
  },
  "Temporal + semantic": {
    "mean": 0.95759963676,
    "std": 0.0005585412782544995
  }
}